id,irrelevent_1,irrelvent_2,predictive_1,predictive_2,label
0.0,0.535208061359,-0.359982479637,-1.27684381171,1.20133944371,0.0
1.0,-0.592942561266,1.29098540782,-0.120531479651,0.53900955823,0.0
2.0,-2.00248934984,-0.0158862461723,1.11016802375,1.08822321423,1.0
3.0,0.422175110684,-0.849951870916,-0.918690441028,0.867537465143,0.0
4.0,-1.24925722292,-0.348077231819,1.71456464777,1.59249437191,1.0
5.0,-0.0665752558847,-0.171558023222,1.10126538178,1.16087041967,1.0
6.0,1.06097834275,-0.548387545647,-1.29411168121,-0.526701515055,0.0
7.0,-0.641910791075,-1.63252636182,-1.63753274411,1.23952413979,0.0
8.0,-0.527403412179,-0.17599433466,0.872169271945,1.34759513397,1.0
9.0,-0.102178745082,1.43807834352,-1.62837886598,-0.498772591891,0.0
10.0,-0.028390038758,0.276079700787,-1.40325062567,1.16516414759,0.0
11.0,-1.11193151906,-0.926157559728,-0.48244951415,0.800526411796,0.0
12.0,0.360934273914,0.657440432871,0.545013014377,0.0231640592434,1.0
13.0,0.147671466814,-0.974421060066,-0.0720672003497,0.514948933765,0.0
14.0,-0.88102119171,0.966897585813,-0.136042108672,-0.747000137513,1.0
15.0,0.874826007625,1.0060604966,-2.83274549597,1.82372294342,0.0
16.0,2.27301880191,1.18852076249,2.12033497574,-0.972950109997,1.0
17.0,-0.323361271415,0.232971512629,-1.21104494234,-0.943356485439,0.0
18.0,0.83637830406,0.493494973414,0.92214705306,-1.85191577477,1.0
19.0,0.833703404452,1.01014567504,1.32409025399,1.06940024263,1.0
20.0,0.620157817647,-1.29114077907,-2.34894576118,1.66963682203,0.0
21.0,-1.40855052664,-0.735874166306,1.42627083933,1.39282791602,1.0
22.0,2.59722432146,0.419300453921,0.289334393938,0.331065063002,0.0
23.0,0.445187688696,1.14030993628,-2.74934414534,0.996960078689,1.0
24.0,-0.306195883624,-0.656513516392,-0.362475309707,-1.15622241451,0.0
25.0,0.0504799587811,0.580272995836,0.412663119347,-1.79814585042,1.0
26.0,-0.739740298783,0.0257112695342,0.726781947686,-1.5787074115,1.0
27.0,0.0624545437849,-1.88561304707,0.893742015275,1.48352962326,1.0
28.0,0.341038684947,0.635983518751,0.314386395779,-0.761270680095,1.0
29.0,-0.62010790357,0.359867009842,0.625817677014,0.591821878453,1.0
30.0,1.9944679365,1.38556075909,-1.42988087331,-0.446528350848,0.0
31.0,-1.06126660617,1.18649748389,-0.60413090184,-1.3100841818,0.0
32.0,0.837684794901,0.143404540129,0.952514278706,0.200110961903,1.0
33.0,0.0280395756626,1.05180083637,0.869311423419,1.3463670568,1.0
34.0,-1.00321613853,-0.0121918976838,0.999469194018,-1.268269899,1.0
35.0,-1.43937646869,0.723740891329,0.468514828289,0.213073028695,0.0
36.0,1.5679673023,-0.244885052601,2.47264467938,-1.97862399434,1.0
37.0,0.280873053077,1.1820138241,0.887402734765,1.45041805612,1.0
38.0,0.219423634713,-0.705199445476,0.487430902085,-1.10797497384,1.0
39.0,0.0875415630499,-0.185329623301,-2.28719861214,1.36711528057,0.0
40.0,-1.71804192049,-0.452100837394,-1.05277656232,-0.723803993007,0.0
41.0,-0.660791195457,1.01840998112,0.923880589294,0.514496295016,1.0
42.0,-1.82600846831,0.26471625519,1.35243812386,1.05022555512,1.0
43.0,-2.86727712968,1.24728147077,-1.1121617085,-0.596295829723,0.0
44.0,-0.0930617233932,-0.212109840991,-1.00858364253,-1.23939451276,0.0
45.0,1.97167090344,0.30679227393,0.644571845592,-3.17734604899,1.0
46.0,1.9238663577,0.137529189151,0.88526179335,0.130606182838,1.0
47.0,0.576360917946,-0.168672105302,-1.11986261683,-0.912028529192,0.0
48.0,-1.02624642154,-1.5999715742,-0.79400787166,-1.28781574634,0.0
49.0,-2.51082776798,-1.8929303788,1.50829580149,1.59652258588,1.0
50.0,-0.604774360643,-0.694310144473,0.872474632709,-0.523615760007,1.0
51.0,-0.114397435783,0.0316507709077,1.35025451674,0.745662072362,1.0
52.0,1.79426172501,-0.318134384475,-0.732897115026,-1.49326470541,0.0
53.0,1.05139056681,-0.203430949908,1.76914857397,-0.438739364574,1.0
54.0,-0.382099218477,-0.819336507044,2.15930003406,1.08161119271,1.0
55.0,-0.378219749896,-0.200675359745,-1.03824073533,-0.841108210835,0.0
56.0,-0.952959444264,1.07204220296,-1.92042084191,1.38268086128,0.0
57.0,1.24365525352,1.97272832292,2.93737323685,-1.43774825205,1.0
58.0,-1.26026084294,0.521266964196,-1.13984814816,-0.651494197064,0.0
59.0,-0.457538209781,-0.959216777758,-1.74437385409,0.185610332093,0.0
60.0,0.172573379161,0.139498540476,-3.25286136381,2.0775142362,0.0
61.0,1.16395515246,-0.732686504114,-1.10285866211,-0.830573631656,0.0
62.0,-1.31106048622,-0.352146793434,1.02330146959,1.76463907892,1.0
63.0,-0.482953053606,0.28021875548,0.742986578091,0.0376661085477,1.0
64.0,0.688248477639,-0.864757058116,-0.663200005272,-0.93687244735,0.0
65.0,0.505447787527,-0.605867989812,-0.297570430696,-0.801725326258,1.0
66.0,-0.653164312134,0.807086436131,1.89481166985,2.00226472092,1.0
67.0,-0.917834588948,1.65527124131,1.18876792405,0.112393121344,1.0
68.0,1.16164014623,-0.0633611693091,-1.00060373052,-0.580379685354,0.0
69.0,-0.0425301417034,-0.177710663049,2.87506591192,-1.59247702355,1.0
70.0,0.349242346017,-0.442555353376,4.80536112845,-1.94861135894,1.0
71.0,-1.81939326961,-1.34145593077,-1.94840666626,1.51172910122,0.0
72.0,-0.0549519465207,1.48219170614,0.973546194502,1.42656803678,1.0
73.0,0.614055077171,-0.743767558139,1.26655989387,0.712084936457,1.0
74.0,0.469761252696,-0.0459237537274,0.902294695655,0.076387844847,1.0
75.0,0.700053565046,-1.57626802331,1.44910268415,1.39251020182,1.0
76.0,-0.445781939551,-0.716876960439,1.31615550484,1.69871098879,1.0
77.0,-0.405038710551,-0.886098186896,-1.12900224485,-1.17778006355,0.0
78.0,-1.32825076325,-0.994900565234,1.65358696442,1.73136428391,1.0
79.0,-2.02246937126,-0.308622167106,4.1266690221,-1.70389427098,1.0
80.0,-0.235016425359,0.00545233680276,-0.971946532296,-1.37184110886,0.0
81.0,0.0983370907125,0.9541432568,-0.692067167563,-1.16017624416,0.0
82.0,0.175673706617,-0.580541643805,0.899603694119,-0.618913050466,1.0
83.0,0.517313562169,0.0562118051521,-0.876831232584,-2.32644753536,1.0
84.0,-0.405844866033,0.755240551717,-1.54687689951,1.10971152632,0.0
85.0,-0.474239532591,0.284190980237,-0.607677016763,-1.38800115512,0.0
86.0,2.77493724445,0.389896809556,-1.07716951585,-0.86786827566,0.0
87.0,0.540081229938,1.75077821297,-0.506119454859,0.82683277076,0.0
88.0,1.4986822235,1.60378355917,2.43096767736,0.182231618715,1.0
89.0,-0.079078354325,-0.104788788666,-0.382384886834,-1.57524858166,0.0
90.0,0.0538464135461,-1.57295083397,-1.24625343176,-0.773329821757,0.0
91.0,-0.745960305507,0.03160370446,1.43634440667,-1.51966398197,1.0
92.0,1.03030869137,0.285442805224,-1.05966880355,0.807910530589,0.0
93.0,-0.106191710356,-1.61799625567,1.08693280314,-0.528501761278,1.0
94.0,-0.605239447173,-1.56078804689,-0.225791422278,-1.67395599298,0.0
95.0,-0.920439348495,-0.578398922398,0.0146856837202,-0.788055859315,1.0
96.0,-1.23610786968,-0.105350166693,-1.14598960659,-0.602114225817,0.0
97.0,-1.10865943647,0.086935762815,-0.923565704109,-1.04363099036,0.0
98.0,0.223481486581,1.18935979416,0.918380140648,0.867187006868,1.0
99.0,1.90175445723,-0.323566127673,0.947140397965,0.0448776672828,1.0
100.0,-0.411755143651,0.404041652572,0.322120129604,0.99373722542,1.0
101.0,-0.488236655179,-1.56487547274,-2.24612538759,1.65918345046,0.0
102.0,-0.435560970247,-0.587389134698,-1.62078178745,0.457359707195,1.0
103.0,-1.86588693919,-0.416695710097,2.83024694719,-0.449646177631,1.0
104.0,1.35515002938,-2.89581490202,0.810493828964,0.945234173593,1.0
105.0,1.2598248584,-1.13094924554,-1.02075168227,-0.910199586507,0.0
106.0,0.11259591155,1.8596538688,-0.245739412013,-0.663894897064,1.0
107.0,-0.501805801842,-0.0884875681407,0.881389583841,1.59651304584,1.0
108.0,-1.30019172955,0.215338389322,-1.29515055543,-0.363946815571,0.0
109.0,0.993168474141,1.52985212146,-1.06608940907,-0.869128261832,1.0
110.0,-0.44057268488,0.781564169995,-0.268904449345,-1.85118883838,0.0
111.0,-0.352047483364,1.1156285321,3.16307783467,-1.76244743244,1.0
112.0,1.05554840352,-0.681711706829,1.54688262287,2.02503262579,1.0
113.0,-0.973102122033,-1.0889949251,-0.683058398041,0.941943478041,0.0
114.0,0.846512666904,-0.614793316696,1.00808140571,0.605617962332,1.0
115.0,-1.72683182251,-1.03059734165,0.9904363776,1.35379206714,1.0
116.0,0.348703975989,0.971642264287,1.09110237616,1.53017037739,1.0
117.0,0.853220623338,0.0867636071768,-0.826523419551,1.05971893369,0.0
118.0,-1.70671744642,0.949381028096,1.87957729741,-0.97566347353,1.0
119.0,-1.09179545744,-0.235751138402,1.32305930569,1.33994549847,1.0
120.0,-0.00903602920623,0.340505893084,1.32696845077,1.40604978976,1.0
121.0,-0.0452132445604,0.980979417579,-2.39746662362,1.82302591033,0.0
122.0,1.76297892399,0.766229929881,0.810205283837,1.346499231,1.0
123.0,0.916566131796,-1.20411251356,0.0875266825232,0.517868633132,0.0
124.0,1.72003709744,0.314288802509,-0.437750759606,-0.953777655821,0.0
125.0,-0.890956808546,1.03905131665,1.3000307318,0.668004117396,1.0
126.0,0.542765328887,-0.960280801505,-0.4960688185,-1.44247519371,0.0
127.0,1.60020663205,-0.0254522542025,1.01003323627,0.402560267474,1.0
128.0,1.41864295027,1.37899102557,-0.930539854853,1.00838600818,0.0
129.0,-0.894335443859,-0.744077062971,-0.90120586804,0.809944235829,0.0
130.0,-0.235824397673,-0.652384073472,-1.73858837933,-0.356428417986,0.0
131.0,0.586579315264,-2.53676441379,1.44520469416,2.79808908917,1.0
132.0,-1.71768290432,-1.03071157822,0.67214286475,0.80564226066,1.0
133.0,-0.421449019361,0.427166999192,-0.559612251638,-1.4898092345,0.0
134.0,1.15185872459,1.57137030856,-0.869534580623,-1.35743386697,0.0
135.0,-0.587312336143,-0.766301865513,-1.53464506173,1.36561068965,0.0
136.0,0.054241125656,0.559964317945,-1.18702394828,-1.32335535237,0.0
137.0,-0.36437145544,-0.20095690243,1.4081448243,1.90856795884,1.0
138.0,0.00570276474085,0.939014940114,1.22447416295,0.505920469829,1.0
139.0,0.0148911176898,-2.0277086831,-3.08402909084,2.04604139238,0.0
140.0,-0.794414658717,-0.171066507354,-1.12890964328,-0.571308806218,0.0
141.0,-1.19625552255,-1.95596756417,1.72020481836,-0.750278420787,1.0
142.0,0.785691435074,-0.636326266623,-1.28753333044,-0.944593897481,0.0
143.0,-1.13475792212,-0.889991749046,0.478167615351,0.24296393824,0.0
144.0,2.00466501094,-0.589424731756,-0.866305478634,-0.763203198196,0.0
145.0,-0.510130868626,0.138096088183,-0.556626119322,-0.609619169119,0.0
146.0,0.390626305146,0.293125750495,-1.4009071297,1.36801704024,0.0
147.0,0.70673022193,1.6555714382,-1.00057691452,-1.03814382626,0.0
148.0,0.04373164434,0.254453046221,-1.82233799233,-0.591893729437,0.0
149.0,0.273585521284,-0.61216025188,1.17993311495,1.91322062919,1.0
150.0,0.102674841976,0.292718892035,0.128556263237,-0.472698842927,1.0
151.0,-2.63531626548,-0.565714727519,-0.0608293899181,-1.29881876629,0.0
152.0,1.94646221675,-0.489865688126,-2.05361281296,1.50405368017,0.0
153.0,-0.707309547457,-0.0952684786321,0.459174323415,-0.171411621141,1.0
154.0,0.482959255081,0.232362843539,0.0223902305599,-1.30376683199,0.0
155.0,-0.230728382629,-0.964129904585,-0.912405555357,-1.24741534951,0.0
156.0,-0.368559436948,-0.487413394752,0.425717539324,0.3567044424,1.0
157.0,-1.97217330967,-0.457336418993,2.82681446981,-3.57056292144,1.0
158.0,-0.852726443284,-0.124142016611,-1.32677146481,0.888250911707,0.0
159.0,-1.17144383055,-0.974327539376,-1.84282578715,1.30360070912,0.0
160.0,-1.66518329811,-0.580476879032,-1.36769763075,-1.21293970942,0.0
161.0,0.636640171269,1.44048353799,-0.0874321594307,0.610017168273,0.0
162.0,-0.271256413571,0.251063247413,1.22963298735,-0.779522247164,1.0
163.0,0.451906980234,0.706074206485,0.592333646712,0.188605312792,0.0
164.0,0.0648525129016,1.0534231709,1.41303838876,1.31175673731,1.0
165.0,1.10367831592,-0.26892630928,0.974258302974,-0.618090615823,1.0
166.0,0.28626567094,-1.25292593345,-1.32169437595,-0.918797101969,0.0
167.0,0.128305944776,1.67400061434,1.64915765211,-2.5307503409,1.0
168.0,-0.657268490795,-0.372009815562,-0.134496906457,0.553630199197,0.0
169.0,-0.0456108042086,-0.125553016457,0.801024053636,0.311947194591,0.0
170.0,-0.111315707727,-0.594217215581,0.499873809833,0.278551873354,1.0
171.0,0.493014838257,-0.612136432451,0.62903224471,0.234863096756,0.0
172.0,0.808950102053,-0.472186142238,1.40460924451,1.03812243755,1.0
173.0,-0.35886561361,1.07165921709,-1.48156156274,0.49947706304,1.0
174.0,-0.515755690228,-0.0463161132028,0.404291175802,-1.01819705957,1.0
175.0,-0.968652896212,0.170062052713,-1.45088331869,1.43300388385,0.0
176.0,-0.829882758298,-1.25612493965,-1.40843010652,-0.441327225106,0.0
177.0,0.764825562605,-0.476713767836,2.03137756272,-1.2642562643,1.0
178.0,-0.568253685826,-0.0193359296586,-1.37157893352,0.915724887175,0.0
179.0,-0.943006602504,1.14356551436,0.934936843659,0.199416934217,0.0
180.0,-0.374494492446,-0.31550545616,1.12060015907,0.681717316138,1.0
181.0,-0.321616807094,0.259103475605,-2.26571697276,1.5369891166,0.0
182.0,-1.33823713882,-1.61732691101,-1.07036212503,1.20984219791,0.0
183.0,0.562570532472,-0.589933362387,0.304088971333,0.829658488894,1.0
184.0,0.608904313421,-0.491951668289,-0.354935871124,-0.815604754766,0.0
185.0,0.13557899872,-0.583410704738,-1.2689645691,-1.40736821766,0.0
186.0,1.12796019764,-0.607329341965,-0.731017400968,0.666040044631,0.0
187.0,0.973563424616,-0.222474680133,0.965650323428,0.696139247336,1.0
188.0,1.59521789082,-0.266515358952,-2.26204039949,1.64383120794,0.0
189.0,-2.54302105761,1.02490315647,-1.75963121946,1.18596110804,0.0
190.0,-0.258550516474,-1.93789807717,1.40758139553,-0.366065383775,1.0
191.0,-1.28349717582,-0.891861635563,0.788353504622,-0.44310004768,1.0
192.0,0.385184280366,-1.96892007115,-1.36114714821,-1.23296803351,0.0
193.0,0.567627561249,1.87427464982,1.37575312183,-0.275497329816,1.0
194.0,0.202837125126,-0.867082748978,0.500508580083,-0.282630033137,1.0
195.0,-0.552113614505,1.66400315478,0.739053178717,0.85717972977,1.0
196.0,-0.615315024029,-0.883194768154,2.3171098087,-1.39188384739,1.0
197.0,0.273345588058,3.08648651252,-1.2095701658,1.05781144721,0.0
198.0,0.159880185367,-1.71968687828,0.96842347143,1.56279525506,1.0
199.0,-0.289233149115,-0.382369949061,-0.749253173146,0.791820214166,0.0
200.0,-0.463543164203,-0.420978319692,-0.234939483458,0.466956259826,0.0
201.0,1.04772815493,1.00140542424,1.64571879872,1.13675088397,1.0
202.0,0.601146381111,-1.50654624981,1.24885305202,0.391365473864,1.0
203.0,-0.980424602675,0.159044294352,1.07879371167,1.03069517983,1.0
204.0,0.646048457614,-0.621103130356,1.06101161073,1.06036582323,1.0
205.0,-0.595980627967,0.117449809521,0.686043410324,0.345240291995,1.0
206.0,0.117612912574,-0.855620299432,2.38384638382,-2.94468056398,1.0
207.0,0.817326768926,0.0738950801724,-1.10774627764,-0.681205408933,0.0
208.0,0.59654510912,-0.822028273681,-1.01678275244,-0.941340281824,0.0
209.0,0.598001145927,-1.14408700906,-0.068182849472,0.547752144919,0.0
210.0,0.839515023547,0.679713468814,1.12575969298,0.537365041013,1.0
211.0,1.31108917657,0.0759151060112,-1.75901896854,-0.147621096262,0.0
212.0,0.344988567206,0.968642994922,0.743355956022,-0.0715305608816,1.0
213.0,-1.81656453699,-0.600505288354,1.81927005687,-0.810354608507,1.0
214.0,0.915736734533,-0.422383865382,1.47685249898,1.37093355618,1.0
215.0,0.473561366884,-1.0213402124,-2.34092164695,1.59435818403,0.0
216.0,0.0759885961639,-1.5114842664,0.454921173343,1.05861474968,1.0
217.0,1.0040096247,0.833892387242,-1.4845093784,-1.04822802699,0.0
218.0,-0.0200900170202,-1.86282226594,1.81995858667,-2.11070181219,1.0
219.0,-0.451867158296,-0.50245343851,-1.52024293455,1.20897349007,0.0
220.0,-0.545452996774,-3.28299338335,-2.05616585026,1.84467531023,0.0
221.0,-0.460118456201,0.30971816793,-1.07404451009,-0.425320067304,0.0
222.0,1.26436013051,-1.21928009578,-0.870455259738,-0.954633786633,0.0
223.0,0.567159722153,-0.497622878681,-1.74369994648,1.38972774484,0.0
224.0,0.570679140184,-0.625740345438,-1.37978150808,1.31654808384,0.0
225.0,2.28323107763,-0.30379244799,-0.5489187971,0.629111486892,1.0
226.0,-2.28021418794,-0.697893486951,0.379444869211,0.27300612462,0.0
227.0,0.0534789790278,1.35752963391,1.12962432147,1.12514796483,1.0
228.0,0.461211830539,1.06963699181,-0.0417066480007,0.643090787128,0.0
229.0,0.134843968507,1.56209853723,-1.30933348547,1.12991454482,0.0
230.0,-0.938066750901,2.0207528994,1.01751376087,1.48738667166,1.0
231.0,-0.258064878434,0.585157226241,1.78743076625,-1.75696169,1.0
232.0,-0.656604135473,-1.6349959704,-1.68946908174,-0.879478979808,1.0
233.0,-0.0957889791014,0.94049794112,1.1003983561,0.762946126696,1.0
234.0,-0.630027901033,-1.85380923142,1.11218206362,0.887397867678,1.0
235.0,0.115412323708,-0.478139477718,-0.889109639383,-0.829311059004,0.0
236.0,0.062066092033,0.127065789811,0.462704382405,-2.59911139885,1.0
237.0,0.523463647025,-1.41189686495,-0.80345269319,-0.673614039874,1.0
238.0,-1.62568595158,-0.985576005711,-1.29287381459,1.26416188758,0.0
239.0,-0.106565740562,0.503880725492,-1.27011392455,-1.21947445619,0.0
240.0,0.202167225603,0.464234102003,-2.08295445547,1.50746163085,0.0
241.0,-1.24923591108,-1.21396785125,-1.15015937324,-1.14693795425,0.0
242.0,-0.191833100132,0.87225689904,1.02287396557,0.635128042403,1.0
243.0,-1.82960937157,0.921639437112,-1.68775881617,-0.499889576922,0.0
244.0,0.476218435846,-0.0586889611187,1.49298540978,-1.98857104309,1.0
245.0,-0.356328921758,1.1243848174,1.41581815589,1.39480624485,1.0
246.0,0.0809429968262,-1.08236587374,1.55759980429,-2.67572305794,1.0
247.0,-0.212303852204,-0.625950449001,-1.37188912603,-0.568614797534,0.0
248.0,0.927804035611,-1.3850856209,1.88521822958,-1.75079399887,1.0
249.0,-1.25723779772,-0.911440428901,-0.848388790959,0.98963633784,0.0
250.0,-1.71362358451,0.666351719908,0.663833702867,0.377861591564,1.0
251.0,0.41117614324,0.438101698177,1.29538160093,-2.51453238082,1.0
252.0,-1.72254646698,-0.577748184958,-1.10483895212,-1.39632690583,0.0
253.0,0.0556768550621,-0.798571590057,-2.08007754098,0.060849557408,0.0
254.0,1.19342293204,1.53270188951,-0.601426552036,-1.2606267208,0.0
255.0,1.37831321078,-1.16277230141,0.263398811866,-0.0836823280193,1.0
256.0,-0.872472825841,-0.908382802966,-1.30444569873,-0.313824390489,0.0
257.0,1.98302776066,0.135763142319,0.54095636916,0.463458531025,1.0
258.0,0.359876393537,-0.701796410742,-0.729209736392,-1.00910485355,0.0
259.0,-0.809316987499,0.0497705844008,0.191796713265,-1.71331905595,1.0
260.0,0.117653772369,-1.27096642935,-0.854196075813,-0.927484587041,0.0
261.0,0.0481882331344,0.804489313629,-0.670398694043,0.67568973124,1.0
262.0,-2.43398842133,-0.429928874153,-1.03249561454,-1.50829142672,0.0
263.0,1.39864173502,-0.820181531767,-1.93469661317,-0.408018234735,0.0
264.0,-1.03051846638,0.274702627436,1.21357780028,1.62592927883,1.0
265.0,0.513269270877,0.257487935469,-1.78566411603,-0.281873144575,0.0
266.0,0.384727523001,0.851926681266,-1.58516009406,-0.943091640859,0.0
267.0,-0.126309174243,-1.09809268203,-0.967804567652,-1.25149795796,0.0
268.0,-0.818415502664,0.19528590192,-1.05197959758,-0.496802660034,0.0
269.0,-0.486821989944,-0.0354441958725,-0.366137942714,0.722280735103,0.0
270.0,0.750078080575,1.14257436644,0.977414069636,0.511384182012,1.0
271.0,-0.242252637111,-0.324004775794,1.55255568701,-2.34697332258,1.0
272.0,0.673259630527,-0.233156592983,3.55203341197,-2.35879321296,1.0
273.0,1.97418072069,0.113717377627,1.24734114422,1.49776425978,1.0
274.0,0.337064024297,-0.281521119023,0.914345490099,0.673995486774,1.0
275.0,0.596736480648,0.176859981384,-1.15699530629,0.0608411728653,0.0
276.0,1.30227000137,-0.912975930537,1.04218444801,0.986286881826,1.0
277.0,0.216320543334,-0.0211784645334,-1.22282571696,-0.396293563904,0.0
278.0,1.67532887252,-1.3049554215,-1.37333062246,-0.795799947587,0.0
279.0,-0.165484337839,-1.15614887142,-1.42070751387,-0.824387379686,0.0
280.0,1.5981327033,-2.3043473182,-2.09998396807,1.51912695061,0.0
281.0,0.566315159015,0.35877760986,-1.24072162654,-0.495572151989,0.0
282.0,0.882773205451,0.695375118637,0.738535476448,1.37327526617,1.0
283.0,0.855897253112,0.426948781463,0.969184972867,-0.685205229749,1.0
284.0,1.12975933069,-0.174716642085,0.164602653292,-0.122571289611,1.0
285.0,-1.81749227622,-1.65304526518,-0.42843770629,0.767537502355,0.0
286.0,0.425834623432,0.137252142811,-0.922058793228,-1.19011307892,0.0
287.0,0.150749635162,0.0469285918473,3.21700498421,-0.992835156454,1.0
288.0,0.0703248111747,-0.103352035421,0.865366709253,0.756963469964,1.0
289.0,0.174645686829,-0.0280873514442,0.949408006513,-3.98525019829,1.0
290.0,2.60496206806,2.63808839167,0.42338409529,0.280646089602,1.0
291.0,0.305180673491,0.948928573885,-0.586021327417,0.700739158225,0.0
292.0,-0.676495393544,-0.739668480013,0.620399345202,-0.10888336965,1.0
293.0,-0.494803485828,0.17290397042,0.931438998861,1.70073730106,1.0
294.0,0.362140946539,2.06005440827,1.04350457639,1.09039914909,1.0
295.0,-0.578799400782,-0.638394748779,1.31986594243,0.207930301516,1.0
296.0,-0.96961247318,0.193522470043,-0.519381534356,-1.44423642882,0.0
297.0,0.622528946012,1.58839836808,0.472902515523,0.174968235898,0.0
298.0,0.61034254729,0.274794378126,0.671086453481,1.59904067193,1.0
299.0,1.53038972193,-0.931370859624,-0.494466082173,0.467090555495,0.0
300.0,-1.01469752429,0.085981152703,0.998028432461,0.606024942751,1.0
301.0,-0.878959545557,-0.120265137668,0.712923007,0.861130117525,1.0
302.0,1.1683727832,-0.362913820748,1.39114392311,1.32124684407,1.0
303.0,0.362129758371,1.73529909317,-0.74514921532,-0.804496498985,0.0
304.0,0.223162400146,1.50533022925,-2.11608343887,1.02669859217,1.0
305.0,-0.646484539764,1.31627167849,-0.987232909413,-0.96864913161,1.0
306.0,-1.38478115058,0.698397213921,-0.164324038051,0.492093027575,0.0
307.0,1.8160609871,-2.11469788709,-1.82958458144,-0.81871668549,0.0
308.0,-0.478370043289,0.850314949944,1.09077247145,-1.35805832447,1.0
309.0,0.217941407515,-0.0902872041676,1.73732150742,-0.309189848774,0.0
310.0,-0.0895758134863,0.478449842452,1.01086829105,-2.8238387382,1.0
311.0,0.391019203815,1.16420405864,-0.553766279374,-1.84429588276,0.0
312.0,1.16110543094,-2.3871229018,1.24860569741,-1.67693763374,1.0
313.0,0.847407668067,-0.1024154166,-0.636449224167,-1.2076066988,0.0
314.0,1.13005994519,0.176615955428,-0.371245380775,0.874092147793,0.0
315.0,1.01730387301,0.0625115057421,1.5124174406,2.1585180381,1.0
316.0,0.99838395342,-0.989661202292,-0.876467415008,0.945039310788,0.0
317.0,0.256140827762,-1.88899878795,-3.01184932124,1.76374626742,0.0
318.0,0.708525360513,0.136421035618,1.03524540601,0.592099087739,1.0
319.0,0.707068931067,0.226120746659,-1.9178885363,1.32979646671,0.0
320.0,-1.16364342997,-0.249278433728,1.11218513361,1.68991042336,1.0
321.0,-0.850593265204,0.0191467585674,0.728825415435,0.694048601409,1.0
322.0,-0.0330638936478,0.905138566624,-2.67964120338,1.88866376183,0.0
323.0,0.280624194155,-0.444964655246,2.36953998983,-2.23217932679,1.0
324.0,-1.69163025033,-0.576178899906,2.74731151731,0.26044260936,1.0
325.0,0.943272229417,-0.694522197511,-0.0621585754601,-1.6671822388,0.0
326.0,0.922007629928,-1.06159684755,0.74672724344,1.16691998993,1.0
327.0,-0.489640347866,-0.196932103824,1.61330043314,2.12693812429,1.0
328.0,-1.63650764981,-0.0244465496143,-1.29623562905,1.32000393763,0.0
329.0,1.59575965041,-1.08995290573,-1.05652785354,-0.895089278596,0.0
330.0,0.659659244942,0.250821371105,0.856194359303,-0.653438009626,1.0
331.0,0.0510408663151,1.25238545809,-1.51528865495,-0.287953021232,0.0
332.0,0.162607822108,0.127805528428,-0.888542100895,-1.10145134127,0.0
333.0,-0.49209692424,2.78590148253,1.16672589172,1.02404836976,1.0
334.0,0.280620002855,0.338447975767,-0.624391731187,-1.0870033866,0.0
335.0,0.0765989745405,-1.42211940293,-0.363134418884,0.510218016839,0.0
336.0,0.724143328018,-0.265218423,-1.17160457853,-0.0236403378705,1.0
337.0,-0.765023069595,-0.576532060639,-0.732887474222,0.84363661282,0.0
338.0,0.0468884447139,-0.605704346237,0.663785210647,0.32271547467,1.0
339.0,-0.210617557924,-0.946053843115,-0.0550383755578,0.416115091171,0.0
340.0,0.811582961953,1.17272215179,1.38286916313,0.64586006833,1.0
341.0,-0.503078690622,-0.16055710798,3.02145042807,-2.14779727149,1.0
342.0,-1.36762570012,-0.397936410868,0.859694470917,-1.3856581272,1.0
343.0,0.615477537306,0.599250710443,0.675536193433,1.03200015438,1.0
344.0,1.60619029444,0.0785913202304,0.984678868452,1.10364888325,1.0
345.0,0.717039253511,-0.0198200714726,-2.02992101834,1.41884321757,0.0
346.0,0.418070104017,0.0866761769181,0.518266987013,0.285360347283,0.0
347.0,0.539881931694,0.277617657077,-2.79487306095,1.90359102871,0.0
348.0,1.4356791621,-0.218624897517,-1.79179061023,1.52470049608,0.0
349.0,-0.144979220083,0.666933738864,3.18330628088,-2.02689987176,1.0
350.0,-1.05458212132,0.360339773709,-1.26036665752,1.12676901609,0.0
351.0,0.407258208219,0.517842593471,-1.42103660231,-0.52378212266,0.0
352.0,0.85015754851,-0.076019355434,1.16516193746,-0.574551665938,1.0
353.0,0.682542411746,0.821116508231,0.822066214264,0.270503927605,1.0
354.0,-0.0282383036399,0.0737779445252,0.955376357098,0.396675261022,1.0
355.0,-1.03384612447,-0.0870802984163,0.27544048592,0.276028015569,0.0
356.0,-0.744201321632,-0.465547315278,0.82952671008,-0.458948439176,1.0
357.0,-2.26807727734,-0.770416901888,-0.735062758007,-1.69340593605,0.0
358.0,-0.804124227882,0.717443604475,1.51774915315,2.26010514131,1.0
359.0,-0.504264216395,1.17656917169,1.09620026943,-1.70369115099,1.0
360.0,0.303790517944,-1.53257933238,0.977980686479,0.119834810931,0.0
361.0,-1.25487783038,0.150284431907,0.0283001030778,-0.654761607905,1.0
362.0,0.0665501981403,0.276741169119,1.15728513746,0.148019803801,0.0
363.0,1.17575272311,-0.848374168005,2.0320651348,0.044852083484,1.0
364.0,1.66832246627,0.0434879326676,-1.59532344178,-0.551738901,0.0
365.0,-1.29280111263,-0.029854919784,0.852142449472,0.00576884469457,1.0
366.0,0.405458825007,-0.763295719524,1.81331857242,-2.46409943108,1.0
367.0,0.895222293675,0.114912551223,-0.260242827867,-1.02723748963,1.0
368.0,0.176203159923,0.953326151095,-0.882720438464,-0.498492749553,0.0
369.0,-0.625314994511,-0.0330131186133,-1.07243188413,-1.17838073557,0.0
370.0,0.797706699117,0.0915819193349,-1.56357121922,1.15649243852,0.0
371.0,0.782614210697,0.46194565513,-2.35178312011,1.46568714349,0.0
372.0,-1.41901019812,-1.05327877206,-0.549472953873,-0.657021470305,0.0
373.0,-0.477449067817,0.626450018701,0.655808916187,0.00134421111162,1.0
374.0,0.775442336887,0.505368422968,-0.558688472655,0.885104174368,0.0
375.0,-0.547656959791,1.91437946871,-1.40914370627,-1.52738533438,0.0
376.0,-0.408699627111,0.395827635553,1.32684441257,0.2947322483,1.0
377.0,-0.044415456743,0.415086925222,1.73134649971,2.02967586058,1.0
378.0,-1.46065988509,0.125006069341,-1.40834492922,1.29170802685,0.0
379.0,0.00658088742217,-0.0155427134986,-0.889336251309,-1.29181264318,0.0
380.0,-1.83758281803,0.76232251455,1.10161516226,0.701430775431,1.0
381.0,0.32709096574,-0.363370900431,1.14599128284,0.0541979231373,1.0
382.0,1.62478337681,1.23584938491,0.849340586533,0.908340331357,1.0
383.0,-0.366758093445,-1.22845329255,1.57900609252,-1.21776126398,1.0
384.0,2.30631783694,1.34620150889,2.66534603866,-2.05918765194,1.0
385.0,-0.609964571609,-1.48455892474,2.94781686433,-2.97891576088,1.0
386.0,0.639325854707,-2.97276578484,-1.12707933475,-1.21423435059,0.0
387.0,0.704032171224,0.575178482568,0.192058191578,0.41048762295,0.0
388.0,-2.45957568857,-0.409296347312,3.79222446967,-1.10010552702,1.0
389.0,-0.438038651306,-0.882379840245,-0.968130368952,0.880589730518,0.0
390.0,-0.296404004441,-0.328480570043,3.90768449649,-1.3770314252,1.0
391.0,1.64459526881,-0.258925842765,-3.24535685261,1.97179555513,0.0
392.0,0.0510411248201,-0.688515062023,3.20973569096,-1.5058711006,1.0
393.0,1.37697353999,-0.620225249727,-1.6074698822,-1.0292353663,0.0
394.0,-0.576809806874,-0.454386232154,0.664164159225,0.220296382353,0.0
395.0,-0.635423606362,0.00546540284182,-1.5749757102,1.23932848266,0.0
396.0,0.365469531409,1.29790690074,0.389156871624,-0.274345986264,1.0
397.0,-0.361332739837,-1.59076476952,0.015843362155,-2.01833699667,0.0
398.0,-0.339740191212,-0.966459156396,2.14962553354,-1.89421339355,1.0
399.0,-0.120459470397,-0.621819569165,-0.0719877131083,-1.54366561961,0.0
400.0,-1.92880273831,1.88875977325,0.592544213013,-1.88386502459,1.0
401.0,1.23107543124,0.185319770854,1.02372496019,1.8358232374,1.0
402.0,-1.66872676883,0.0355678446968,0.303280808056,0.271301110305,0.0
403.0,-0.791596477651,-0.971889729326,1.01321833312,0.908805476033,1.0
404.0,-0.789525901994,-1.67155664907,0.660940126349,0.564776482829,1.0
405.0,2.1389867234,0.239431788296,-1.98203465881,1.42127870348,0.0
406.0,-0.395252923046,0.0331682392797,1.32041747656,-2.7756166463,1.0
407.0,1.15161240643,1.41823404086,1.2422442414,0.703645228015,1.0
408.0,0.306476269211,-1.58190034305,-0.993077880476,-0.0947654686738,1.0
409.0,0.148520167738,-1.4026199748,0.669964560696,0.283967757897,1.0
410.0,-0.907598036587,-1.07097707811,0.348388173486,0.41862813189,0.0
411.0,1.65532386112,-0.367160037901,-0.940920343373,-0.854967310219,0.0
412.0,0.0231828075473,-0.348064269249,1.83108739754,-1.7400797512,1.0
413.0,1.63564764666,-0.727239145982,0.970542662026,0.279808190573,1.0
414.0,-1.02617243689,1.29448900428,-1.74170620745,1.4857923029,0.0
415.0,-1.62629723717,-0.737581488776,-2.44364220293,-1.00590600053,1.0
416.0,-1.24726178411,-1.06690066667,-1.86554646685,0.0751155368736,0.0
417.0,-0.375641816886,-0.0438342133969,-1.71494830307,1.32599877692,0.0
418.0,-0.601891623448,0.184906754804,1.3479789483,0.0634799872698,1.0
419.0,0.478057404728,-0.065202835544,-0.531602373408,-1.45508794934,0.0
420.0,0.261490408512,-0.740025734892,-0.793255728814,-1.37552572585,0.0
421.0,0.351285212707,-0.00323261664104,-3.51670186443,2.05513461273,0.0
422.0,0.0355343672299,0.770497755917,-1.56746120709,1.40647213638,0.0
423.0,0.38897900386,1.29852742764,-0.40281600621,0.719227008785,0.0
424.0,0.231007790694,0.186181031737,0.156736732648,0.209825408848,1.0
425.0,-0.0179215665279,-0.248029815977,-1.54697371187,1.38424301173,0.0
426.0,3.35996452961,0.45494224085,-3.0052199461,2.08435350844,0.0
427.0,-0.872500153534,1.46344602664,-1.67086827825,-1.38660014805,0.0
428.0,0.0537833484476,1.54275886852,1.6854199251,-1.11096645477,1.0
429.0,0.0121888446855,1.39504303439,-0.781080366437,-0.664315174298,0.0
430.0,1.68558254401,0.906828863559,-0.757029373922,-1.56391904533,0.0
431.0,-1.39065698425,0.838003138238,1.61996156167,0.425699495617,1.0
432.0,0.877811316479,-0.425213926053,1.58164150706,1.82557434952,1.0
433.0,-1.72302963444,-0.918115965902,-1.01997269848,1.24858467707,0.0
434.0,1.36104089827,0.817813283296,0.507381016757,0.568436693915,0.0
435.0,-0.519154194533,0.957396015596,-0.343383425994,0.570878620212,0.0
436.0,1.6215696312,1.13098819948,-1.21073418834,-0.928950101095,0.0
437.0,-0.709307642097,0.126547471796,-0.165341848446,-1.19017891843,0.0
438.0,-0.856893583488,1.62547872051,-1.53446724892,0.460431884547,1.0
439.0,-1.6741854555,-0.855691392698,1.93805500034,0.309259472188,1.0
440.0,-0.57634775694,-0.594752591772,0.691737801809,1.20428707875,1.0
441.0,-0.262980623184,-0.517600128846,1.30660410477,-0.807871327046,1.0
442.0,1.33082326945,-1.08084764258,0.538566943207,0.676420941989,1.0
443.0,0.605263904983,1.25888193192,-2.13255648503,1.57082345803,0.0
444.0,-0.133585800117,0.72945513744,0.756494000707,-0.574716350331,1.0
445.0,-0.653246123797,-0.633691471105,1.23078803618,1.81090181267,1.0
446.0,1.48158310944,0.904335205757,-0.613836673996,0.836468793207,0.0
447.0,-1.09819793603,-1.93076918137,0.891067430269,1.77125882961,1.0
448.0,0.665883331286,-0.491067848137,1.00923493826,1.36211663046,1.0
449.0,-1.3177398681,0.36316625288,1.41064205395,2.29534173373,1.0
450.0,-0.0969839347869,-0.868488726387,-0.72807571415,0.848085277648,0.0
451.0,3.39209703974,1.53990855567,1.10409891852,1.12490644047,1.0
452.0,-0.586653143729,0.0961321897786,-0.710791191425,-1.69679797418,0.0
453.0,2.32823174751,-0.929726461797,-0.408214700376,0.767124692367,0.0
454.0,0.739956919706,-0.433830318599,1.23947609051,1.37043008392,1.0
455.0,0.219231849602,-0.203754554242,-1.78671224178,1.43192989809,0.0
456.0,-0.100525739508,-0.734478516096,-0.480672094148,-1.59424498553,1.0
457.0,-0.473932352439,-0.712291806146,-3.27982827884,2.17878446529,0.0
458.0,2.19273517524,0.193406689166,0.683486998436,0.883018825275,1.0
459.0,0.568233920777,1.29911705366,1.00188218466,1.92923127612,1.0
460.0,-1.53425122948,0.28001319328,-0.0765327122674,-2.19304180337,0.0
461.0,0.265478725328,1.51474612449,-1.49586610757,-0.684963030032,0.0
462.0,-1.19546594381,-0.413098383996,-0.973975677998,-1.30925445945,0.0
463.0,-0.761648658937,-1.50973790304,0.653442393206,0.105491729995,1.0
464.0,-1.25432253726,-1.27400371839,-1.00575288817,1.00426014316,0.0
465.0,-0.100651008758,-0.601456764124,-0.69490116672,-1.02188991769,0.0
466.0,0.400817310883,-2.00672534155,-2.05759799687,1.31755681942,0.0
467.0,0.365658053389,-1.76244514911,0.809528577952,0.914332410295,1.0
468.0,-0.544919301322,0.968374470295,-1.61327124977,1.25749038826,0.0
469.0,-0.453181596652,2.10209467526,1.65946675425,-2.71359290253,1.0
470.0,-0.877593659377,-1.01551244239,0.764430819805,0.594961701096,1.0
471.0,-0.028969185172,-0.677577562386,-0.802490946314,-1.0124887826,0.0
472.0,-1.69723262667,-0.469497005071,0.824541539461,0.797445072188,1.0
473.0,1.05279238189,0.978846807932,0.632590547574,0.401850805327,1.0
474.0,-0.00405172130652,0.187570709135,-1.5404051169,-0.741736981875,0.0
475.0,-0.387099760819,0.108683358315,-2.07923901094,-1.056027036,1.0
476.0,-0.658034781231,0.0323176020296,2.63143070673,-0.410216781247,1.0
477.0,0.253869657802,0.164899896548,-0.443175229255,-0.59971743135,1.0
478.0,-1.87629134948,0.27203370235,1.79643387933,2.83202801525,1.0
479.0,0.552209167594,-1.13418023336,-0.483691433068,0.706125974987,0.0
480.0,0.65433958829,2.19921929907,1.04500395872,0.80272283382,1.0
481.0,-0.0514279085075,-1.00241895019,1.10480022042,-0.645666090862,1.0
482.0,-0.714726149376,-0.403813638931,-1.02292389826,1.07508804457,0.0
483.0,0.867306956988,2.54579867855,-0.278096786378,0.372402171982,1.0
484.0,0.786928343537,1.04254755496,0.59994606601,0.530573363471,1.0
485.0,-0.519236571778,-0.632785201347,-1.40190169447,-0.799741029785,0.0
486.0,0.0414521454168,1.45624387949,-0.0482006247335,-1.94760813177,0.0
487.0,0.736610403026,-1.01398235982,-1.20676740095,1.11189129824,0.0
488.0,0.277562810024,0.78985010034,1.14675777533,0.825841201404,1.0
489.0,-0.359867635749,-0.397100371986,1.94786454804,-0.655861468964,1.0
490.0,0.258198663947,0.525336980451,0.81983160239,-1.47929302927,1.0
491.0,-0.0150591275707,1.67075729683,0.82978228842,-0.519396384871,1.0
492.0,-1.12686529339,2.40475630735,1.76544445166,-0.226816558041,1.0
493.0,0.018864415589,1.38889894829,-1.17174492732,-0.697910741806,0.0
494.0,0.161769550963,-0.137836635294,0.0472996803695,-0.372784673655,1.0
495.0,-2.1670214688,-0.156481556209,-1.51239511826,-1.396316821,1.0
496.0,0.962980643925,0.675994147152,1.37006594352,2.5645221615,1.0
497.0,-0.742646036015,-0.252367047939,1.07161924729,1.77008077758,1.0
498.0,1.18530999504,-0.699988071512,-0.92616794149,-1.37413127368,0.0
499.0,0.420666992679,-0.20270772171,0.934965272929,0.831392129007,1.0
500.0,-1.42870183186,0.356988037598,0.649525480108,0.174033272004,0.0
501.0,-1.37337679441,-0.898659581176,-1.59713427292,-0.611788892617,0.0
502.0,0.0498593160701,0.769845596305,1.82262930094,2.77590131743,1.0
503.0,-0.461814469969,-1.00053339638,-2.68815249213,1.90859745426,0.0
504.0,2.55308872294,0.35764542546,-1.08286207435,-1.06750023746,0.0
505.0,0.0128099979081,0.387460436028,-0.943995243636,-1.38109238779,0.0
506.0,1.66121434253,-1.13446821483,2.13148592601,-1.9495127461,1.0
507.0,-1.19782315527,-0.933583008793,-1.11974534876,-0.156466599031,0.0
508.0,0.0139750596749,0.286863696635,0.76033487839,-1.79593723222,1.0
509.0,1.12241698653,0.815421774702,-0.394366556637,-1.86032707313,0.0
510.0,-0.758540704091,-0.841454486589,-1.4146593383,-0.391731451261,0.0
511.0,-0.480439554526,-1.45490777229,-1.03601676125,-0.545941193043,0.0
512.0,0.476524551468,0.00660359848617,-1.31647887026,1.09282025806,0.0
513.0,2.65465057226,-0.281572476018,-0.0301933052128,-0.770021489885,1.0
514.0,0.11257428417,0.379948419713,-2.6805682042,1.60991758473,0.0
515.0,-0.548238161795,0.569876707228,-1.05226945175,0.947407242365,0.0
516.0,0.539144619694,-0.916534263523,1.38615224932,-0.13400168076,0.0
517.0,0.558875438547,-0.605714517627,-0.674641739009,0.908819698132,0.0
518.0,0.360004129879,-0.550797213164,-1.27877918254,-0.525576324726,0.0
519.0,-1.45059285404,-0.661904886129,0.674060396445,0.396453643071,0.0
520.0,-1.43495803873,-1.11826195125,-0.648125458489,-1.14822828708,0.0
521.0,-0.46038127939,0.411232590867,-0.879760540314,-1.0946131015,0.0
522.0,-0.514439022505,0.361935098266,-0.864450653439,-0.618446192176,0.0
523.0,1.06503745303,0.661015507031,-2.39163162089,-0.436301167848,0.0
524.0,0.0599530169454,0.236723523727,-0.054530934583,1.18854729284,1.0
525.0,-0.514998763165,1.93636870856,-1.12439912091,-0.822080290191,0.0
526.0,-2.0268484949,0.0603795087372,-0.553269188353,-1.25654415111,0.0
527.0,-0.866216270149,0.434318496105,-1.39511994379,-1.26307714826,0.0
528.0,-0.847173113086,-0.120551408138,-1.1627700733,1.35644110257,0.0
529.0,0.0448972472445,0.286486908101,1.36270913039,-1.82027950198,1.0
530.0,-1.30717508801,1.11289797763,1.30643716521,1.8735453286,1.0
531.0,0.34882610316,-1.26819688792,-0.178477182524,0.540347080617,0.0
532.0,0.686442460589,-0.171076690431,1.6095128782,-0.940608710204,1.0
533.0,0.173731790019,0.162643799885,-0.609019495948,-1.06997509237,0.0
534.0,2.00537040152,-0.309579123566,0.31307615171,0.650278574328,0.0
535.0,-0.696475098041,0.448315412099,-0.425308120571,-0.0441946377928,1.0
536.0,-0.336060512894,-1.11482580876,2.04533661144,-0.528231012013,1.0
537.0,-0.290798601039,0.273184005279,0.100280949896,-1.24310375782,1.0
538.0,-0.999986977267,-1.22431503545,-1.46981084351,-0.960974699617,0.0
539.0,2.57776168038,0.722422847174,0.302066987486,-0.791392427409,1.0
540.0,1.35787289686,0.502608204986,-0.865467562408,-1.81922659881,0.0
541.0,0.343001238504,0.915666319379,1.36022574328,1.6779491434,1.0
542.0,-0.954924578244,-0.196681934357,1.69861466194,-2.36425152884,1.0
543.0,0.603989205245,-0.549178378751,0.190764263501,-0.614009549723,1.0
544.0,-2.23966142303,1.51063555509,-0.916886928201,-1.13415794491,0.0
545.0,0.448773792477,-0.816594898128,-1.35177182464,-0.571404054661,1.0
546.0,-0.771609741717,0.827305746195,1.34341807864,0.649518527627,1.0
547.0,0.365704360791,-2.02087056372,-1.41192300998,-0.712253712856,0.0
548.0,0.588576625763,1.07650763695,0.687241275123,1.04444191108,1.0
549.0,0.0346865022368,0.165748183608,-1.64745873394,-0.598796651904,0.0
550.0,-0.0693339007418,2.14849551948,1.60409331571,-1.2101961963,1.0
551.0,0.726270147241,0.120955950458,0.0652158392874,-1.61096023354,0.0
552.0,-0.467791847059,0.851353915502,-1.34161041241,-0.61904098072,0.0
553.0,0.998323043403,0.973974801469,-2.65400002064,1.61168818092,0.0
554.0,0.225777571084,0.29719345571,0.470680527275,0.161783627135,1.0
555.0,-0.248495535414,-1.3161466167,1.05766063109,1.38308676231,1.0
556.0,1.04077905353,-0.190767866383,0.464930374906,-2.09931231686,1.0
557.0,0.717552751849,0.347511993478,-0.689696085528,-0.587036766937,0.0
558.0,-0.462399854584,-0.628269614911,-1.0280137833,-1.44159041608,1.0
559.0,0.590924122739,-0.487189856678,0.394354862416,0.296640401858,0.0
560.0,0.540230168538,0.773869340867,-1.48851458392,1.17019508185,0.0
561.0,-1.4029447903,-0.605592982535,-0.664210030851,-1.62703015782,0.0
562.0,-1.09634054307,-0.2948007186,1.28179009714,1.53235112142,1.0
563.0,0.401730104989,-0.485976421256,-1.26918131224,-1.09040177961,0.0
564.0,0.979918259616,0.811141472315,-1.09609476222,0.915059486831,0.0
565.0,-0.368105895578,-1.35255956028,-0.929875327698,1.03844243041,0.0
566.0,0.325996082353,-0.902340569392,-0.746529947949,-1.02087298099,0.0
567.0,-1.53567511067,-0.536673079575,-1.47677774231,-0.143610235546,0.0
568.0,0.803347950843,0.869014642544,-0.20045098018,0.660968520382,0.0
569.0,-0.710205572502,0.868127035913,-1.55288604211,-1.07279021791,0.0
570.0,-0.287734643181,-0.720923731757,1.84546661299,-1.58509522354,1.0
571.0,-0.509856213523,0.463085207968,-1.79632226195,-1.25719111464,0.0
572.0,0.574700895175,-1.52557899578,0.97541682722,0.660738079494,1.0
573.0,-0.587054373488,0.889260664871,2.27735473267,-2.22173624914,1.0
574.0,1.17365863271,0.674473265611,0.951152138439,0.128834609731,0.0
575.0,0.231856628059,-0.248080835292,0.356749077679,0.327544847294,1.0
576.0,1.78394662049,0.0848037111559,-2.10019892864,1.4955932513,0.0
577.0,1.03372836787,0.500819263031,0.760512576142,1.31703132123,1.0
578.0,-0.0453139418228,0.741917278753,1.5308880804,-1.39794744764,1.0
579.0,-0.372253770964,-0.566484916971,0.978593023026,1.61087088089,1.0
580.0,0.102218966921,0.426577829049,-1.77019105948,1.20012226123,0.0
581.0,-0.131313383264,0.043965433668,2.71894952071,-1.88306568372,1.0
582.0,0.450641686511,-0.500925016202,0.832626303316,0.418001974059,1.0
583.0,-0.514392444191,0.262411702188,-1.32179326423,-0.793426310442,0.0
584.0,0.385172593635,-0.487653425358,-0.798258106081,-0.456029816898,1.0
585.0,-1.34876739584,-2.15081636341,-1.85422393381,-0.303905203165,0.0
586.0,1.30115265493,-0.269781566279,-0.144768976329,0.627079296162,0.0
587.0,-0.985236179059,-0.360133002133,-0.876872656003,-1.10934623056,0.0
588.0,1.58179021828,1.41035787551,-0.576250728819,-1.31289116926,0.0
589.0,0.000160844405156,1.39403098275,-0.899584560047,0.831368755649,0.0
590.0,-0.223088280368,0.709559494531,-2.05690046402,-0.345532278936,0.0
591.0,-2.35673372101,-1.31871813194,-2.88792400579,1.99024339885,0.0
592.0,0.811762002744,-1.52998982368,1.17402742384,-1.86091396367,1.0
593.0,-0.0714253603189,-1.07504505474,-3.63361195817,1.99614143527,0.0
594.0,0.898991531946,-0.0697575490656,0.777212627422,1.03121684541,1.0
595.0,0.227824878497,1.87777678196,-0.652477013222,-1.0610323689,0.0
596.0,-0.103927257181,0.319049002905,1.14343891199,0.198856347472,1.0
597.0,-0.0601914413988,-2.77494137283,-1.12775886595,0.986720853688,0.0
598.0,-0.4206888033,0.701230660639,0.607492561855,-1.41598203726,1.0
599.0,-0.485302958242,-1.34150888182,1.08456972918,0.597639745426,1.0
600.0,-1.37401716397,0.186795089714,-0.430813246078,-1.2756551965,0.0
601.0,-0.414403500223,0.296924119253,1.07880909271,-0.651210341327,1.0
602.0,0.647751233794,1.32243721932,0.91144827806,0.844174719233,1.0
603.0,-1.76076596896,-0.0694067026633,1.04495853432,0.733598333008,1.0
604.0,-2.02570562611,-0.177066878166,0.816319998787,0.136121427332,1.0
605.0,-1.07033422811,0.782832233068,4.43924767084,-2.43298030852,1.0
606.0,-1.46498792408,-0.179021619416,0.682604182285,1.04033021069,1.0
607.0,-0.282655463968,0.323905487832,-1.85919954839,-0.168835233359,0.0
608.0,-0.16123308348,-1.38441156187,0.645489182705,0.148893398657,0.0
609.0,0.878303600916,0.243821388192,1.33131295067,1.54774166531,1.0
610.0,-0.28832367177,-0.496145828227,-1.88011856119,1.5300898333,0.0
611.0,0.775809253472,0.0781099566589,0.702903785844,-0.726590688685,1.0
612.0,0.520986693576,0.821870301763,-0.899139124421,-0.726153371764,0.0
613.0,0.0362649914335,-0.258615397016,-1.33644617082,1.42072399523,0.0
614.0,2.44530246403,-0.820073974562,-0.0144343609226,-0.0716401209134,1.0
615.0,1.53443124677,0.736224971542,0.291930388504,-1.46249816623,1.0
616.0,-1.10896576114,-1.69091995203,-1.78536284842,-0.786805000062,1.0
617.0,-0.954807131664,-0.788196069548,-0.409085519127,-1.2421875428,0.0
618.0,1.25529377401,0.505206629425,-1.78485899867,1.46809920981,0.0
619.0,-1.16213304799,-0.661341680764,0.361173015555,-1.43239871898,1.0
620.0,0.0871140323996,-0.991180100868,1.03083786195,1.417805189,1.0
621.0,-0.52839053036,-0.644882204927,-0.821779528787,1.07831920494,0.0
622.0,0.358553667818,0.792507247304,-1.18270215474,1.05634328679,0.0
623.0,-0.353139345382,2.03760182861,-0.316790541465,-1.05632571455,0.0
624.0,0.0451705594491,1.05487235574,0.969435959031,-0.535633294057,1.0
625.0,0.557569731004,-2.51894294914,-0.922462603685,-1.22484812594,0.0
626.0,0.781803248072,-0.756384469253,-0.127034204448,-1.68042784749,0.0
627.0,0.497860603461,-0.523536797741,-1.12366960131,1.12685011741,0.0
628.0,-0.871300175461,-0.315404702599,-0.175208355726,0.489024851084,0.0
629.0,-1.1721046237,0.824345561246,0.115819102306,0.349963853102,0.0
630.0,-0.284918047325,-1.77793731923,0.0301843833333,0.318068405901,0.0
631.0,-0.216198572951,0.491838341103,0.0654828665804,0.492385967017,0.0
632.0,0.169308452041,0.403277150447,0.832934895375,-1.10946882566,1.0
633.0,-0.143770039576,-1.64612480803,1.04648995578,1.82754118152,1.0
634.0,0.976182122627,0.188293545437,1.58977842022,-0.9340402427,1.0
635.0,-0.293467833353,-0.969821366583,0.0930507317404,0.579566367425,0.0
636.0,-0.197380801489,-1.31265247479,1.05613819524,-1.63273910441,1.0
637.0,-1.74947708899,-0.733162693399,0.140200103258,0.439286182414,0.0
638.0,-1.09749897744,0.253716890891,1.04201685602,1.3213455293,1.0
639.0,-1.13520577977,-0.53456564706,-0.59015657805,0.836321780086,0.0
640.0,-0.438685552874,-0.511129324309,0.962783209619,0.35389009146,1.0
641.0,-0.152043724015,-0.538993820782,-0.661687387776,0.854151682345,0.0
642.0,-0.00442413353422,0.817866075235,0.221374683788,0.369306133304,0.0
643.0,0.660960309878,1.58672408871,-1.66129915508,1.3522131064,0.0
644.0,-0.615711754388,1.54139875364,1.48398477837,1.84297240078,1.0
645.0,-1.23504911206,-0.301155993013,1.1345031396,1.80098645045,1.0
646.0,0.652217113424,-0.270374242218,-1.71753069865,1.1310363553,0.0
647.0,-0.88099562793,0.618292763682,-1.10904653547,-1.03119657613,1.0
648.0,1.48292266619,0.615716448213,-2.43521843178,1.6873670339,0.0
649.0,-0.41194910204,0.480842347965,0.681655107357,0.252146357993,0.0
650.0,-0.925790250854,1.34723079907,-2.05368973203,-0.35002214561,0.0
651.0,0.336721094856,0.188178999193,-0.832467041996,-1.01539611452,0.0
652.0,0.168293859844,-0.395039160832,1.89615353217,-0.547638106245,1.0
653.0,0.791035165891,-1.4148423876,-1.00149773001,0.944038685196,0.0
654.0,1.35685641934,-1.38952559621,-1.47645800164,-1.24175115519,0.0
655.0,2.23159611193,-0.3242780112,-0.179520664327,0.691391036196,0.0
656.0,-0.280246457585,0.733947671722,0.969708860885,-0.293796234095,1.0
657.0,-0.013649662886,-1.06533172956,2.9055763301,-3.99302799406,1.0
658.0,-0.121965774633,1.90838238609,-1.40113513234,-0.790710417524,0.0
659.0,1.14171760563,0.588988794798,-0.934215271414,0.943661157241,0.0
660.0,1.65104474833,-0.451345340533,2.78449702465,-0.661259087561,1.0
661.0,1.9011591488,-0.723208798791,-0.50685240786,0.893732256004,0.0
662.0,-0.841542098823,0.210084343269,-1.33478745517,1.10112854232,0.0
663.0,-0.470970598579,-0.230555605347,-2.44197359866,1.70859691434,0.0
664.0,0.841776274143,-1.14395976105,3.90226141887,-0.109382050114,1.0
665.0,-0.949094172002,-0.657854053088,-0.0430953025841,-1.62746777291,0.0
666.0,0.036440385122,1.60994630967,1.76037598587,-0.954140677019,1.0
667.0,-0.784314475747,0.24064494207,-1.55624749624,-2.19404600474,1.0
668.0,-1.43469201366,0.297566341706,0.476731396459,-1.11659993035,1.0
669.0,-0.347469072073,0.0910987733647,0.846139535049,0.0165196520458,0.0
670.0,0.408257355179,1.48691507539,0.330761873206,-0.655078729757,1.0
671.0,0.0132525695306,0.717150088222,0.779959825396,0.518300266672,1.0
672.0,0.196297567816,0.349122864357,0.628479203576,0.622818805243,1.0
673.0,-0.78218530811,0.317965041235,-1.68608409437,-0.986554057065,0.0
674.0,-0.932110813187,-0.380552567518,1.47321947011,0.903895832785,1.0
675.0,-0.822874278417,0.423945313573,1.83111224849,-2.08722273658,1.0
676.0,-1.15781384415,-1.26751589254,1.65856486925,1.32801291791,1.0
677.0,0.614543102468,-0.409506138152,3.09373057218,-1.73834675508,1.0
678.0,0.266275659583,0.525005022493,0.96219628648,-0.761315546253,1.0
679.0,-0.455909894185,-0.913341762994,-1.49095281967,-0.419970160111,0.0
680.0,-1.23899712276,-0.254482293914,-1.26545295418,-1.17417659975,0.0
681.0,0.518871653868,-0.706541618938,2.45831722824,0.621976122948,1.0
682.0,0.232036437019,-1.28443453639,1.68057699558,-1.85347840224,1.0
683.0,-1.55515204238,0.238018557846,0.624339392593,0.765765914685,1.0
684.0,-0.570105072857,1.04497070091,2.56167702556,-2.40413542084,1.0
685.0,0.988567907893,1.18674342895,-1.47378418255,-0.669907780589,0.0
686.0,-0.397047707782,-0.0678180788015,-0.812083789957,0.809625870542,0.0
687.0,-1.34526551972,-0.724923607173,-0.0922322374536,0.524517543267,0.0
688.0,0.0243204864525,-0.739887484123,0.264249928818,0.275733036272,1.0
689.0,-0.943758719922,0.297508956399,-0.674102683757,-1.39641385661,0.0
690.0,0.203767453656,1.92203158896,-1.26944489877,-1.286110404,0.0
691.0,1.05977964447,-1.58757550435,-1.68299250466,-1.05326052989,0.0
692.0,0.449037735874,-1.28204739678,1.03041631563,0.0975620120237,1.0
693.0,0.3752372804,-1.68457624314,-1.27006420822,-0.515779943474,0.0
694.0,-0.215409802391,-0.554302732446,1.17670843493,0.324179166759,1.0
695.0,-0.360548877819,-0.715651559432,-0.91486515439,-1.61667250153,0.0
696.0,0.000496782868353,0.0117179686378,2.55141497613,-1.46805841686,1.0
697.0,0.418898621583,1.16874322252,1.46713116414,2.04240331803,1.0
698.0,-1.03175722429,-0.149203640522,0.636406637593,0.813736425872,1.0
699.0,-0.811159574124,-0.0944976260256,-0.761215559977,0.944036839207,0.0
700.0,1.03133725625,2.07020805788,1.59573140604,1.85498676473,1.0
701.0,0.389355027724,2.42335598361,-1.07671110383,0.698870620416,1.0
702.0,1.16181007471,0.279900529304,-1.44142376036,0.423417520392,1.0
703.0,2.34446832504,0.138388072474,-0.651267667017,-1.30489020451,1.0
704.0,0.534781842526,0.929027740074,-0.562148691442,-0.67966337268,1.0
705.0,-0.0686316797795,0.772811700866,-1.46756563375,1.10993360808,0.0
706.0,-1.3340975396,-2.69790025497,0.292486282187,-1.43059115773,1.0
707.0,1.22051472097,2.10853828406,-1.03779267946,0.964488240353,0.0
708.0,0.639130767965,1.07314191877,1.65678453302,-0.283120701125,0.0
709.0,-1.87825814342,-1.23115925431,-0.99508149304,-0.737502317158,0.0
710.0,0.57121488131,-1.47648232868,1.1470714663,0.947806427849,1.0
711.0,-1.72075704594,-0.10051396223,1.00577662342,0.461536048839,1.0
712.0,0.564258295469,0.313453795574,0.293825412517,-1.91192976242,1.0
713.0,0.061646664034,0.34625472333,0.253179732171,0.550390506431,1.0
714.0,-2.86835466389,-1.04475738194,-1.11764746301,0.96875360394,0.0
715.0,-1.76241156161,-0.0734858742317,-1.60419649798,1.442792365,0.0
716.0,0.0530003475792,0.660634747628,-0.275098043918,0.681346630256,0.0
717.0,-2.25700549469,-1.47120958623,0.92339864739,-0.0669118964842,1.0
718.0,0.164328845756,-0.243710104914,0.400372483268,1.36070761157,1.0
719.0,2.36252164802,0.311664083632,-1.69241638832,1.16689849904,0.0
720.0,0.387232485297,2.01893801029,1.53987920061,-0.481340822113,1.0
721.0,0.260310398854,0.959979605036,-1.36131494326,-0.296678435516,0.0
722.0,-0.396786536823,0.306439760927,0.829955825752,1.19743508605,1.0
723.0,1.4549404194,0.0417853271161,1.17973600033,0.713382300735,1.0
724.0,-0.370396109095,0.105040537,2.31383945748,-1.69574577095,1.0
725.0,0.511727928196,0.0911445170862,-1.42699816828,-0.671276450812,0.0
726.0,0.0130816764907,-0.0130349476597,1.25612028799,1.61394379505,1.0
727.0,-0.421795752704,-0.206666610069,-1.14662996965,-1.05406948264,0.0
728.0,-0.00967857766547,-1.48401032304,1.29954504331,-1.84592012156,1.0
729.0,0.624033367461,-0.760114119019,-1.23331810931,-0.607827214491,0.0
730.0,-0.448635348718,0.576373889812,-1.1935643851,-0.417613563123,0.0
731.0,-0.353476003538,-0.682734203769,1.6162180545,-0.882885941412,1.0
732.0,0.118725449997,-0.543522253479,-0.458053391648,0.90735893336,0.0
733.0,1.39815555918,0.176088541197,1.34879950516,1.454231018,1.0
734.0,0.610251686593,-1.43394942536,-1.04322781973,-0.648892564257,0.0
735.0,-1.28995799648,0.0195521499765,-1.16927496939,-0.981636613666,0.0
736.0,0.24509217034,0.0653710582673,-0.794724504432,0.928628163043,0.0
737.0,-1.68523086893,0.673988796882,0.765449310057,0.364417602321,1.0
738.0,2.2528855429,1.98685007903,-1.98381178118,1.48838710861,0.0
739.0,-0.39873324099,-0.239506288165,0.122654620108,-2.23413498994,0.0
740.0,0.218069401102,1.25964208325,0.824299789238,1.20541728433,1.0
741.0,-0.749951994102,-0.194096862863,1.42920049125,0.423126164385,1.0
742.0,0.765424101053,0.413518599283,1.81300990725,-2.356727355,1.0
743.0,-1.08424939587,-0.343874709379,-1.26692395491,-1.24554644904,0.0
744.0,-1.23753595428,0.272994953285,0.822262113057,0.756603815147,1.0
745.0,-1.66448513267,1.70357512571,-0.970234891841,-1.42011896805,0.0
746.0,1.21023212004,-0.0290880131318,0.49748237465,0.12599762747,1.0
747.0,0.368514870432,1.31346712396,1.17971804833,0.477118465059,1.0
748.0,0.0399885626092,-1.37784320569,0.163303076675,0.429046627029,0.0
749.0,-0.452405664379,0.00370016706303,1.29201657383,2.09453291053,1.0
750.0,-0.654679055194,-1.2376054947,-0.16979031125,0.395235195748,0.0
751.0,0.956576540017,1.30355848968,-0.760157904166,-1.07940991618,0.0
752.0,0.593942100833,-0.130525315849,-0.902503025743,-1.02944291845,0.0
753.0,0.541574522223,-0.131170481092,0.712206551456,0.128921029965,1.0
754.0,-1.16001533294,0.46858542363,-0.51224275023,0.875503719571,0.0
755.0,-0.285446353802,-1.13165194004,0.120880876506,-2.07665427899,1.0
756.0,-0.905618183586,0.240001497938,-0.738393320327,-1.97149751388,0.0
757.0,0.929526539406,1.9051853208,-1.3537022332,-0.817361409474,0.0
758.0,-0.599867861428,0.351858349983,-0.0206953924476,0.547750711099,0.0
759.0,0.618612751773,-0.328174434731,2.69648940171,-1.03911195014,1.0
760.0,-0.634279880075,-2.62307164064,-0.408337206671,0.779842405344,0.0
761.0,0.856437741451,0.539529656156,1.33216980478,0.454942700385,1.0
762.0,-0.155077832726,-0.0875507258308,-0.593227031929,-1.33959576452,0.0
763.0,0.247198088099,0.586445170187,-0.84543749924,0.819233437634,0.0
764.0,-0.708127154548,-0.247524748212,1.14677492746,-1.24902753235,1.0
765.0,0.0732359630193,0.788422188277,-2.49909871395,1.64525711041,0.0
766.0,1.22427817815,1.75014666962,-1.65252184847,1.21357485568,0.0
767.0,0.281301699428,-0.201348300018,-1.92005146659,1.48996037994,0.0
768.0,0.274190973278,1.13346976394,1.37269761606,0.583943517598,1.0
769.0,-0.848739538725,-0.0984563921177,-0.778610628562,1.016776667,0.0
770.0,0.701519572582,0.0479893077387,1.32742135923,-0.28982503519,1.0
771.0,0.0575950346185,-0.00592660391996,1.41243368461,0.746069374958,1.0
772.0,-0.819267659234,0.635949090314,1.13767903054,0.723049245558,1.0
773.0,-2.3302399898,-1.03741493581,0.0107431982929,0.0408962249135,1.0
774.0,-0.486496720215,0.24766229934,-1.13249318083,0.98724046316,0.0
775.0,1.28772933499,1.72298013218,-0.473121735186,0.560913733513,0.0
776.0,-1.07641950374,-1.14926090238,1.23839321401,-0.395426043972,1.0
777.0,0.0834541448969,0.780818648197,-0.925525269029,-0.581350426862,0.0
778.0,-0.197196003577,0.995501993543,0.94074466404,-0.744084522197,1.0
779.0,2.0843438641,-0.0868017215859,0.977880585242,1.39483452203,1.0
780.0,1.00326906578,-0.536563912869,-1.1179101003,-0.840926164418,0.0
781.0,1.62341658802,-1.56171213266,-4.3043784624,2.64442730778,0.0
782.0,-0.255361367184,0.0252084526119,-0.984486235235,-1.9874367512,0.0
783.0,-0.438391551552,0.915640662979,0.0480577495357,0.240584184707,0.0
784.0,-2.58508765132,0.639873460513,0.908135041688,0.757838032899,1.0
785.0,0.723595082764,-0.431878814124,-1.21514905839,-1.11644343074,0.0
786.0,1.06953000119,-0.102608721593,-1.41157169221,1.17590516235,0.0
787.0,-0.706266467186,-1.45014474951,-1.07037485082,0.864885463918,0.0
788.0,0.257441529154,0.83335806995,1.97679657545,-0.0941631014345,1.0
789.0,0.407872558673,-2.49720860465,0.915403344362,1.89133719344,1.0
790.0,0.620047128267,-0.756384149744,-0.313794561397,0.679858639535,0.0
791.0,0.109576662239,0.259768809922,0.990734421299,0.86401892594,1.0
792.0,-0.484712031496,0.255342098055,-0.113810624182,-1.77484016255,1.0
793.0,1.15424158624,-2.1646942338,0.518219533105,-0.361155821545,1.0
794.0,-0.509391332729,2.08681215266,0.623977956454,0.0339056441924,1.0
795.0,1.64727776342,0.538887286438,0.541494090883,-1.55180090869,1.0
796.0,-0.115785057287,-1.87619310677,0.739737747684,0.222729124692,1.0
797.0,0.567641053829,0.364037390212,-1.29113655114,-0.366735705436,0.0
798.0,-0.609270206597,-1.26156205924,-1.29797075903,-0.880982279336,0.0
799.0,0.896618168747,-0.760852846178,-3.06390814027,2.02758330594,0.0
800.0,2.35737085944,-1.50710948723,-0.370287059508,0.707577617556,0.0
801.0,-0.275665423427,0.161750254633,-1.31274360477,-0.475581500242,0.0
802.0,-1.732397102,1.3383379492,-0.0637472197416,0.424931589419,0.0
803.0,-0.454140518733,-0.131745882267,2.15272911043,-2.32038659057,1.0
804.0,0.865264252941,0.643020216647,-1.50273216009,1.25649358248,0.0
805.0,-0.81698417407,0.0276238692789,0.452278920545,1.00134763513,1.0
806.0,-1.23612199884,0.81024014876,0.354695381505,0.504402247591,1.0
807.0,-1.44163724937,0.903538710588,0.819431614546,0.104558868626,0.0
808.0,-0.57883009466,-0.724362336767,-0.435523613225,0.584194037573,0.0
809.0,-0.199158128999,-0.0739384327695,-1.4979475519,1.13070107025,0.0
810.0,-1.31070839533,-1.07562379923,0.403406109902,-1.0000357091,1.0
811.0,1.50680029649,-1.00596360502,0.957720141912,-0.809425324133,1.0
812.0,-0.00697239256158,-1.18400558319,-0.856380788767,0.942544883052,0.0
813.0,-0.793132895932,-0.326657760932,-0.290647541763,1.60826538109,1.0
814.0,-0.527745676984,1.1368884078,0.786749623951,1.54504871111,1.0
815.0,1.38615070707,-0.0645854175419,2.32969089365,-1.79881214679,1.0
816.0,-1.88525352383,-0.87628207756,-0.174470730247,-2.91846541112,1.0
817.0,1.80768631395,-1.37591205998,1.54784381885,1.36135723193,1.0
818.0,-0.598610368901,-0.648636366883,1.11598069109,-0.606582815058,1.0
819.0,-1.46282488997,-0.853317201496,-1.23551369016,-1.25347056352,0.0
820.0,1.21021855592,0.698853893273,-1.34500380439,1.02431017993,0.0
821.0,-1.56158552275,0.731380337034,-0.89992076847,-0.803363585367,0.0
822.0,1.84179763194,1.91926987235,0.58668388495,0.444018481958,1.0
823.0,-1.18028990295,0.577381930289,0.874400322612,-0.158249852346,1.0
824.0,-0.576719397546,-0.516756696782,0.986588492306,1.25066785619,1.0
825.0,0.06662345923,-0.391688139163,1.71450543766,-0.661719191036,1.0
826.0,-0.987428455252,0.646914483517,2.24397797912,-1.27144242896,1.0
827.0,0.280097618854,-1.28991336459,-0.887571185634,1.09411445325,0.0
828.0,-0.131918313332,-0.742196610807,0.269666619757,0.606022436903,0.0
829.0,-1.80060570437,-1.05228226154,-2.89077567414,1.96980936967,0.0
830.0,0.921456743183,-1.05480822785,0.985868099782,-1.41752619815,1.0
831.0,1.01379102521,-0.125046021285,-0.836330033947,-1.58031384949,0.0
832.0,0.291446946412,-0.538445806617,-0.712851328397,-1.41339000432,0.0
833.0,-0.144114340631,-0.522487591788,-1.12415487726,-1.03860920578,0.0
834.0,0.518404283322,-0.980062449636,-2.36105979936,1.75299427035,0.0
835.0,1.55134574949,0.206730277369,1.69459640579,0.947128230376,1.0
836.0,-0.00432356775408,1.46392543932,-0.0376584983925,0.49189697309,0.0
837.0,-1.20892108549,1.2585768609,1.44814437064,2.18740600134,1.0
838.0,-0.363848145736,0.0283395129352,1.5859889579,-1.53836458421,1.0
839.0,-2.08260980286,-0.0886042632803,-1.95468497729,-0.309680590659,0.0
840.0,-0.632119526678,0.447761085679,2.0015292086,0.113990033918,1.0
841.0,-0.159338572139,-1.28466636485,0.594575421625,0.280083668082,0.0
842.0,1.29013509309,0.689368870354,-1.6173424046,1.28859487686,0.0
843.0,3.69334957088,0.114672499118,0.685855147357,0.356403723191,0.0
844.0,-0.987634194862,0.11692824486,-1.11820406574,-0.799207419806,0.0
845.0,-0.970051562996,-0.44174286745,1.10635566625,1.10448725377,1.0
846.0,-0.225345020208,0.669632758898,-1.69531249901,-1.00343612219,0.0
847.0,0.940675999083,-0.986857441739,-0.334972016956,-1.53340771544,0.0
848.0,0.21107670395,-1.78490701799,-0.873282863823,1.01957287562,0.0
849.0,0.717120390178,0.804007430299,-0.992840637894,-1.86696406139,0.0
850.0,1.63709638783,0.31488033842,1.98046408349,-0.0303721147771,1.0
851.0,-1.19339913097,0.712170728822,4.40891405552,-2.4314442637,1.0
852.0,0.908923533618,-0.0222326017632,4.11608172079,-0.54080604513,1.0
853.0,1.60323352167,-2.20315428748,-0.910742470985,0.239138552008,1.0
854.0,0.424865851123,0.37734713529,-0.574256203046,-0.785873454087,0.0
855.0,1.09462924201,-1.16180823186,-0.762663625533,-0.826319813249,0.0
856.0,0.631994752619,-0.294049552611,1.8297206045,-1.77771858333,1.0
857.0,-2.75263582428,-0.893350351633,-0.610899410848,-0.699677940115,1.0
858.0,-0.0691880118856,0.192970201049,-0.464847664781,-1.26990618879,0.0
859.0,0.406359600279,2.46127919738,1.19483285404,0.909653373235,1.0
860.0,1.27682694595,1.02253616695,0.247412244393,-0.531059778696,1.0
861.0,0.454565660884,-0.622655540153,-0.260889145584,-1.3422475299,0.0
862.0,1.63355936729,-0.456599107764,1.19459209304,1.91320411994,1.0
863.0,1.64923325053,-0.393944505966,0.842640270493,0.718197355823,1.0
864.0,-1.5111237516,-0.419438254335,3.45263652976,-1.15323407191,1.0
865.0,1.02009144037,0.358904407622,1.23826249613,-0.568903590475,1.0
866.0,-1.0540391066,0.702618028937,1.20317169341,2.21357876898,1.0
867.0,-0.396447193725,1.0868605867,0.251370431566,-2.59554610875,1.0
868.0,1.06003639915,-0.73172554499,-1.59687083978,-0.214794499565,0.0
869.0,-0.596277990776,1.35946486072,0.847312863387,1.22718554822,1.0
870.0,1.16243561397,-0.567978869699,-1.40450596733,1.17617975602,0.0
871.0,0.815263454759,0.301921722678,1.26638123142,0.957674718842,1.0
872.0,0.240941531004,-0.419409773921,1.02977065383,-0.0519633130973,1.0
873.0,1.56449056033,0.137793444133,-0.940315041543,-0.880644274176,0.0
874.0,-1.09336343646,0.252339184289,-0.807592901394,-1.42169447906,0.0
875.0,-0.298695345355,0.300757043119,-0.378817019204,-1.75607149896,0.0
876.0,2.17170657978,-0.402048197904,0.612318681795,0.826188080876,1.0
877.0,1.56007585297,-0.048444287938,1.04470691118,1.3931845285,1.0
878.0,-1.06614832894,-0.68746406606,-0.743593703546,-0.395530397294,1.0
879.0,-0.396061676852,-2.33196578039,1.13257934222,1.3176383179,1.0
880.0,-1.99237309109,0.885552141574,0.148039157495,-1.83029748888,0.0
881.0,0.119829504382,0.729288059361,-2.73208767622,1.84141399511,0.0
882.0,-0.165031765645,0.520878759808,0.540811584887,0.254208805406,0.0
883.0,-1.05964711658,-1.13681710209,-0.510323517997,-0.909006781756,0.0
884.0,0.465407096202,0.34701802002,0.557024618683,0.0171377183364,1.0
885.0,1.03902870406,-0.336433712042,0.259953938666,0.81270218687,1.0
886.0,-0.709084942443,-1.51037298021,-1.52438034049,-1.14337713419,0.0
887.0,0.16455086461,-0.351223110597,0.650324935373,0.376226457364,1.0
888.0,0.562732154361,-0.293712794034,-1.91613517771,1.31924711554,0.0
889.0,-0.259491828964,1.39476313569,0.469084424452,0.918365158519,1.0
890.0,0.21969924429,0.721051897453,-0.753519344147,-1.33988770159,0.0
891.0,2.14690255152,0.000158484389354,0.301189403798,-2.00577997571,1.0
892.0,0.249303965286,-0.144648029585,-0.872186487763,1.01248119604,0.0
893.0,2.02200038254,0.193584433393,-0.835546423881,-1.41509345279,0.0
894.0,1.31147227612,-0.555171603609,1.09506759373,1.74886270397,1.0
895.0,0.956948418454,-1.29912328226,-1.49729111814,-0.858430187724,0.0
896.0,-0.543886239278,0.520705603037,-1.24493960979,-0.751360787208,0.0
897.0,0.762437960704,-0.591275727013,-1.19497013664,-1.10379321042,0.0
898.0,0.67198005479,-1.23385491395,0.910240595677,0.648911286233,1.0
899.0,-0.173122046496,-0.646804434424,-0.961141684133,-0.664077696554,0.0
900.0,-0.731315125607,-0.657014483013,-0.54293564598,-1.66797712459,0.0
901.0,-0.713443997286,0.244265145978,-0.766548558391,-1.41578185468,0.0
902.0,0.0244520369362,-1.40944488074,0.985627508675,0.160547495015,1.0
903.0,-0.129649907379,0.577221600334,0.836057677097,1.24384619599,1.0
904.0,1.31561829374,0.46230108675,-0.670369511571,0.781494939598,0.0
905.0,-0.390968537091,-0.42343307618,3.19186922287,-0.829575402381,1.0
906.0,0.86108208975,-1.02241473374,-1.58665097612,-0.211732345523,0.0
907.0,0.283895030109,0.864131508691,0.976542865796,1.44747463588,1.0
908.0,-0.601820229843,-1.65675570501,-1.08854786325,-0.954522324111,0.0
909.0,0.604191860908,-2.00274806809,-0.945190215307,1.01563055661,0.0
910.0,1.59767591446,-0.94711112897,-1.06233096153,-0.990841453101,0.0
911.0,-1.54017789014,0.131546766693,0.390570446576,0.897708375833,1.0
912.0,-1.68685379308,0.0974088913526,2.01536019437,0.289246830423,1.0
913.0,1.31538906588,0.58865210348,2.53779147035,-1.83810658682,1.0
914.0,-1.61357736775,-0.104426252426,1.18679825226,1.28146859889,1.0
915.0,-0.0398802964491,-0.344976112489,3.04607026548,-0.189609174786,1.0
916.0,-1.14313494538,1.04050918273,-1.180531062,0.0275087651575,0.0
917.0,0.500693855767,0.0828096168024,-1.74948976062,-1.53781314819,0.0
918.0,0.292604632333,-0.276249043431,0.816113763923,1.54719999406,1.0
919.0,-1.75168829624,0.680902324465,0.822623337476,1.0628993453,1.0
920.0,0.769262157697,0.108398764556,1.32138156715,1.61357019605,1.0
921.0,0.957029661346,2.83144270807,0.279101942397,0.881764753135,1.0
922.0,-0.794471556314,0.874093081329,-1.74171570062,-0.972399955146,0.0
923.0,-0.181363010605,1.21100598074,-1.25484554054,-1.13592614384,0.0
924.0,1.01395575576,-0.80539866819,0.353628424261,0.189285252694,0.0
925.0,0.727807580204,-0.232762244518,0.253206026412,-1.49933221372,1.0
926.0,0.118021160481,-1.25300492386,-0.750311208502,1.01990613926,0.0
927.0,0.891599128937,-0.810070543817,-0.499782121989,0.84067060058,0.0
928.0,0.872967794974,0.20968186464,0.574857187584,-0.0530894128946,1.0
929.0,-2.68980308626,1.07090989146,0.871981357292,1.43337814369,1.0
930.0,0.173479009632,0.904701525169,0.971041531447,1.50883645581,1.0
931.0,-0.158645896378,-0.00495282625827,0.227277331165,-1.79301330482,1.0
932.0,-1.10867215026,-0.410608903747,0.972907255439,1.03441686105,1.0
933.0,-0.425667503247,0.812840538066,-0.336316419705,0.697349821756,0.0
934.0,-1.48793212771,0.619588039499,-0.532044176963,-0.48732056864,1.0
935.0,-1.59107228595,0.604075682902,0.852628261017,0.903028270074,1.0
936.0,1.12765933467,0.404251548197,1.45742640389,-2.9842120802,1.0
937.0,-1.46616212261,1.33972681701,0.816400791722,1.18141219612,1.0
938.0,0.70741368548,0.359785889563,0.506992470785,0.124038620038,1.0
939.0,-1.00481066218,-0.240630685347,1.75166666555,-0.979751790749,1.0
940.0,-0.676294762784,1.48804033934,0.955345459982,0.835720548944,1.0
941.0,-1.76280361525,-1.14205136427,-1.1280198857,-0.571376012047,0.0
942.0,1.60885046173,0.102328743942,-0.602190992813,0.733739741176,0.0
943.0,0.888721611645,0.417100318844,-1.34784148943,1.17100142944,0.0
944.0,0.840032031183,1.63982534223,-2.16307982259,1.54040916195,0.0
945.0,-0.327581578765,-0.441449541889,-0.899769256588,-0.275986167566,1.0
946.0,1.26956626989,0.258411675796,-1.2891891375,1.21515202541,0.0
947.0,0.495703058547,0.506750104016,1.09384752438,0.427888203077,1.0
948.0,-0.223060193887,-0.735366347461,0.110848889649,0.538044891728,0.0
949.0,1.43631612947,-0.382441986523,-1.71001108037,-0.0505779865608,1.0
950.0,-0.632585262444,0.823188903692,0.697708546433,-0.436844781097,1.0
951.0,-0.842653998671,-0.759309032339,0.869215253701,0.775267412192,1.0
952.0,1.64520799457,-0.494607650781,1.44230196596,-0.846397611946,1.0
953.0,-0.348508381167,0.796067673951,-0.693886022076,0.906049498482,0.0
954.0,-0.357205606649,0.257458108333,0.251075194866,0.41795595303,0.0
955.0,0.432920342361,0.227256927662,1.63508799886,1.33525760361,1.0
956.0,-0.946170163174,0.410149065588,-1.97593093162,1.34636479326,0.0
957.0,0.0631682023332,0.629016009491,-0.930185975183,-0.162206283701,0.0
958.0,0.159187070463,1.47259640901,-1.28223586989,1.21829562288,0.0
959.0,0.606230295233,-2.13637238153,0.682198234089,0.201334730125,0.0
960.0,1.01557876365,-2.53799569167,-2.14912663547,1.65611016074,0.0
961.0,-0.360670157824,1.31698940394,-1.19258316178,-0.965592364629,0.0
962.0,-0.20791286815,-0.0680163917574,-0.877571607032,-0.804541609769,0.0
963.0,-2.27415046623,-0.941610476954,-1.28464430936,1.10506656418,0.0
964.0,-0.440845719727,-0.0569096182842,1.31168699645,0.408549734705,1.0
965.0,0.429367448663,2.64184147249,1.62459663471,2.82084484375,1.0
966.0,1.32864141204,0.204633448986,-1.05010154915,1.04048207722,0.0
967.0,0.263145303914,0.663220720248,-2.94971678612,1.85761705634,0.0
968.0,-0.409257633807,-1.3136203512,1.87802291912,-1.30014912363,1.0
969.0,-1.32164396791,-0.45544747093,1.31926283686,2.26541277773,1.0
970.0,-0.394373154686,-0.199464335872,-1.07484149092,0.999529275395,0.0
971.0,-1.65152049988,1.29041725314,-1.38178595472,-1.02462144043,0.0
972.0,-1.5005409892,0.0582859226949,-2.77075590229,1.9037912175,0.0
973.0,-1.40621759957,0.578632030203,0.500495746514,0.749372974111,1.0
974.0,-0.523445790842,-1.19749312474,-0.407602908925,0.948321397346,0.0
975.0,-0.706132410697,0.825734878782,0.907287544271,0.822844173387,1.0
976.0,-0.433908648042,0.00339776824842,0.66616243168,0.712091517938,1.0
977.0,-0.224094670212,1.95870853965,0.991386699453,1.12224449267,1.0
978.0,1.42178347292,0.0143042779778,1.93343203209,-2.67622710268,1.0
979.0,0.045847383937,-0.112048057747,-0.120205990859,0.733276194936,0.0
980.0,-0.71924249802,0.36490212085,-1.00117323873,-1.19225144136,0.0
981.0,1.22330689399,-0.422322535863,0.25541037712,-1.11240465059,1.0
982.0,-0.342648400695,0.584569357964,1.0340892533,1.09884113161,1.0
983.0,1.36023619781,0.418513748794,1.0715517445,1.70171625993,1.0
984.0,0.0659851809775,-0.818740873817,-0.862289280709,-1.16136765579,0.0
985.0,1.28425935818,0.859267472224,1.0060270983,0.473797261971,1.0
986.0,-0.992281440319,0.516360497711,-1.31200560739,-0.909738093851,0.0
987.0,0.368288172294,0.465924714507,-1.1766953541,-0.533295418844,0.0
988.0,-0.560945910159,-0.0662920676479,2.0916906931,-1.65489798078,1.0
989.0,0.936353796102,-1.50471038286,-0.607238157373,1.0264993872,1.0
990.0,-0.564538564933,-1.12259922434,3.77847393761,-3.81897806627,1.0
991.0,1.17609508741,-1.309379526,0.202726215021,-1.38282277795,1.0
992.0,-0.566675872027,-1.43140838922,-1.38955227744,1.21676452253,0.0
993.0,0.787956020504,2.40132410145,-1.57050205857,1.37130788414,0.0
994.0,3.06920957812,-0.587004581066,1.49791046361,1.58802563423,1.0
995.0,-0.894962510519,-0.224348060084,0.488860972941,0.853789654596,1.0
996.0,0.00915852629099,0.833453728152,-1.15295467677,1.07882541247,0.0
997.0,-0.614516359014,-1.94446729596,0.708862335089,1.53350468298,1.0
998.0,-2.975796136,-0.627879659647,0.614852626904,0.101671752401,1.0
999.0,-0.239448047338,0.191792133792,-1.98853368438,-0.411648821255,1.0
